<?xml version="1.0" encoding="UTF-8" standalone="yes"?>
<blockRecordGroup>
    <blockRecordGroup>
        <ABlockID>d753ef57-2393-4f0f-9069-6bbba4058129</ABlockID>
        <ASHA256String>uohxZzkbTKZD3/xou1sxlsRjs0AFHuOUCnF7RDdLNgU=</ASHA256String>
        <blockNum>1</blockNum>
    </blockRecordGroup>
    <blockRecordGroup>
        <ABlockID>0cabfc3c-e2ef-42e7-89d4-282c958a4080</ABlockID>
        <ACreatingProcess>Process0</ACreatingProcess>
        <ASHA256String>AXoOZx9e5jlHhzzhVAuGDZiImrOrz1uoAB131RZsRmQ=</ASHA256String>
        <ASignedSHA256>I+3gwX7Kr+XZNb6fPhI+EWaGGvXXVxQYo1nC28Gi/lY2pHVRR+Z5zUBZQKCVTMXijV9L7zuV9cq+hD+bRRhWWdD0teMMQMuQmjOgKGXUzFwl+vZpG/gOx0jGygGOYRH5nwR/mE7Nvd7DLZhQTRdNOxJxtMJ27Gey4K+HJe8yUpA=</ASignedSHA256>
        <AVerificationProcessID>Process 0</AVerificationProcessID>
        <blockNum>2</blockNum>
        <FDOB>1996.03.07</FDOB>
        <FFname>John</FFname>
        <FLname>Smith</FLname>
        <FSSNum>123-45-6789</FSSNum>
        <GDiag>Chickenpox</GDiag>
        <GRx>aspirin</GRx>
        <GTreat>BedRest</GTreat>
        <seed>1V1CT99E</seed>
        <signedBlockID>VPGy+Rqd0upkVluT654rKZutimv3KDbMc7bqHiJhGW3+b1FcvALH+zCMh1VcoAasy4jHK6qGMHsu8NLYeJ9ojb3jvCdQKqZZJrWS3vPdieFpBCH0TVdA9xyvRLan++KwAKNmDmNSmiUcgr4nrr4txIVAT/bPG2t2rUKMb0Jfhbc=</signedBlockID>
        <timeCreated> 2019-11-03.20:45:41.0
</timeCreated>
    </blockRecordGroup>
    <blockRecordGroup>
        <ABlockID>64207e2a-112a-44ab-add8-1f01482f7a3e</ABlockID>
        <ACreatingProcess>Process0</ACreatingProcess>
        <ASHA256String>BES039Pma+dhW4aaxbvN2VVofxUSOjO8m/c0jH+6Hbg=</ASHA256String>
        <ASignedSHA256>NiCjsVERuf7AcWPODXnwp0PQ35SkT/yjxazsNCSLqJ7m6hhktofJcc9ZoYQx1VrStdfMgQRhb/ctPIVLx4/+dLUiEr2kzcJj9xJri/EoOHtpD8T1IQeHdoKC6HJNSdEpQwOEj9J1u3vSDxJlNYXS5rh5u0qzba6arRGgwqYcWjM=</ASignedSHA256>
        <AVerificationProcessID>Process 1</AVerificationProcessID>
        <blockNum>3</blockNum>
        <FDOB>1996.03.07</FDOB>
        <FFname>Julie</FFname>
        <FLname>Wilson</FLname>
        <FSSNum>123-45-6999</FSSNum>
        <GDiag>Insomnia</GDiag>
        <GRx>HotPeppers</GRx>
        <GTreat>Exercise</GTreat>
        <seed>G5JB3OOM</seed>
        <signedBlockID>JKaMQVjjh/TyugDUxQSymd4ljvRLm2lNisZi2uTVsxeaXjvkzp/ImrXJEgIRfRz9p5dXpeKHoP6B+SvKJIYMBSGAKl2a8dBsuupEraY+71oKoZheDn/eYWwIIpaQR2oZVLZ43osxP3O1ggs8BVb6WRF6vcSjfdNCUAsOCVbVyhA=</signedBlockID>
        <timeCreated> 2019-11-03.20:45:41.0
</timeCreated>
    </blockRecordGroup>
    <blockRecordGroup>
        <ABlockID>27d44fc6-9e9e-491a-a5cd-9ee0466dbf53</ABlockID>
        <ACreatingProcess>Process0</ACreatingProcess>
        <ASHA256String>O4OFaeHGZ315NLD826lQ8BXP/VIaDA/U6zN1/8XUMhw=</ASHA256String>
        <ASignedSHA256>ZQMMr+vKkNMsK+uRDG3t/lhSc7hKlDr5QmAsnFkIoNDq6+7PggryaVW8lbFaY5mj88YFu4D1YheSTJYHc0m8YcOMgGug0IgoQ2yC+C6Wu4VCx2c5UdFbp9mRLGSmtFsZn0hVJtVX1ofFKSLgS4rrXQPVHkmYFSixVmjg1Ppt/CQ=</ASignedSHA256>
        <AVerificationProcessID>Process 1</AVerificationProcessID>
        <blockNum>4</blockNum>
        <FDOB>1942.07.07</FDOB>
        <FFname>Wayne</FFname>
        <FLname>Blaine</FLname>
        <FSSNum>123-45-6777</FSSNum>
        <GDiag>Measles</GDiag>
        <GRx>CodLiverOil</GRx>
        <GTreat>WaitToGetBetter</GTreat>
        <seed>7G3LXFBC</seed>
        <signedBlockID>b5AX5uCxhBVfqiv2O3abUPEtBA40HIB5h2tEQclsJSCox1XfZirOUf2QIGHiCpnBlg1xbfhhNs4nlIocoFKgN6YMxOI9asX8RB2qBnHku55emgQHiHKrJR25yCYbRogJMhoddKdfPvdfWNEg9AFraiOWPUuFr7ReFVFlFmcSNeI=</signedBlockID>
        <timeCreated> 2019-11-03.20:45:41.0
</timeCreated>
    </blockRecordGroup>
    <blockRecordGroup>
        <ABlockID>d8bc495b-ee5f-4dfe-b5af-702663b47012</ABlockID>
        <ACreatingProcess>Process0</ACreatingProcess>
        <ASHA256String>HWjAy1cOrTyMZQ5dpZQVF8i722r0xQZVoh0dpZb8190=</ASHA256String>
        <ASignedSHA256>RIygHlJP6vhUgSTH/Hb0jptpa7acQfAkJqSth+AkUd2a/4fGKkWVI6nI8Gnt6lXtBEQPmlLN9vgRnEgktMC3TxjrzBxXFVaASzVbvTtFM4kfSG/66VJtEjBF9jazCwBZRHtgNwF5GCLBgDHfbd4oWKZMQdUW9AOahk7XMfwFLwo=</ASignedSHA256>
        <AVerificationProcessID>Process 0</AVerificationProcessID>
        <blockNum>5</blockNum>
        <FDOB>1996.03.07</FDOB>
        <FFname>Joe</FFname>
        <FLname>Blow</FLname>
        <FSSNum>123-45-6888</FSSNum>
        <GDiag>Smallpox</GDiag>
        <GRx>Whiskey</GRx>
        <GTreat>BedRest</GTreat>
        <seed>MWTTH1A4</seed>
        <signedBlockID>VDHwCXw5j2YC36qpw4nxTBuK8uFFLggoq6sOP6G++iBC3b9jzCZs7zZeL0vjG1vPIsgTupQJVF9GWtLADX7a3PGWSJI4F0h4r8g9zkZnd6pWzdMbsapi1h0OAQclzlIXYbgKesv2zu+hRIieSfsvo8HBa9I72/WAlKjS+j5zMi8=</signedBlockID>
        <timeCreated> 2019-11-03.20:45:41.0
</timeCreated>
    </blockRecordGroup>
    <blockRecordGroup>
        <ABlockID>3f5250c8-7087-4fc7-911a-0a3120ce42a6</ABlockID>
        <ACreatingProcess>Process1</ACreatingProcess>
        <ASHA256String>GArHsIo88NX0dFwBYAHCbK/ceSTBlT0L6FVRGZBe0ZU=</ASHA256String>
        <ASignedSHA256>EGe7TjLQmOiop+V0F/LpWaPzfwSJoqpsykgHoyup21CqnXs6K9f+YSlSH4X5VwAXMHZG4+DmoGnNbIWPtYzPFLrZixtijoyZKZxV7+ewfrsiyZI4KJLROXx8pEX1RGb1pXQdPBGg2/QaO7JNUbkh2NLcMXYcUHZusHnNL3tBo2U=</ASignedSHA256>
        <AVerificationProcessID>Process 0</AVerificationProcessID>
        <blockNum>6</blockNum>
        <FDOB>1970.01.01</FDOB>
        <FFname>Sally</FFname>
        <FLname>McCutty</FLname>
        <FSSNum>123-456-999</FSSNum>
        <GDiag>Migraine</GDiag>
        <GRx>Almotriptan</GRx>
        <GTreat>IcePack</GTreat>
        <seed>7LXL2NDR</seed>
        <signedBlockID>Vn2WQxqJ3Y5AS2oIUZNWVsOrPqEQVtBS6yZqRmuTH/BulpWNCjsguR+BAhHtBQ6FeU+vpec8M1jwPNTRGvsSsBm/jWk128b+RNCbvyUsHqQjJZ1RG//Nch++lCNoUmE5Hm3+w1eEKfjXLMLURDxHc4AdQJHgjkNhVIfztB62lws=</signedBlockID>
        <timeCreated> 2019-11-03.20:45:41.1
</timeCreated>
    </blockRecordGroup>
    <blockRecordGroup>
        <ABlockID>c46bc9a2-b053-4dbf-81b2-11ea5fc38954</ABlockID>
        <ACreatingProcess>Process1</ACreatingProcess>
        <ASHA256String>F32/ECeoPc547+gAwJ7r2JK+Idme4yYCI8punuMPTVI=</ASHA256String>
        <ASignedSHA256>G9zMwWRSlHJL59cECOm3848knzK+9lVmTGtjpCpFeg/sy5j+E+CTGe1aIMY+itEJ3wrYX3MpFl+jbdlqYoJqwdNM6j6lzQk9f1WZlpQ1vCGKDDHbzTdXmwHMHj7E4cMvNzKQfIax4iSzCz8XvEtOqXp9X9tqyyVf71nObthH7KE=</ASignedSHA256>
        <AVerificationProcessID>Process 2</AVerificationProcessID>
        <blockNum>7</blockNum>
        <FDOB>1940.11.27</FDOB>
        <FFname>Bruce</FFname>
        <FLname>Lee</FLname>
        <FSSNum>456-789-123</FSSNum>
        <GDiag>SoreStomach</GDiag>
        <GRx>Vicodine</GRx>
        <GTreat>LessCombat</GTreat>
        <seed>IFX8YV8Z</seed>
        <signedBlockID>AOiE7dndvBRSt8ejw0UTGwrAF999iDw73wszn4hWHvLEVoGchNiw0DfEgi6XrKaLBoGvFtRXh5Gm0KxCWA2zjwvdtpCaH/ztZkutcx1Qdn+TpTxMscGNO+vWtGPvpKFycL3qd7j7eQaqnaaVtSZoPbzghlbk6QVWETFLjdEnkek=</signedBlockID>
        <timeCreated> 2019-11-03.20:45:41.1
</timeCreated>
    </blockRecordGroup>
    <blockRecordGroup>
        <ABlockID>5993c700-553a-4109-a7f8-731423e9caee</ABlockID>
        <ACreatingProcess>Process1</ACreatingProcess>
        <ASHA256String>S/1AXnUvXtm3qIaGdftQWzFbIXBmE2ofagRvaRomH0A=</ASHA256String>
        <ASignedSHA256>MDoJa6GQNEk+kP4C/E7HtRA09nHNDLkfmpWerqPVDoUwi6VmYCzbewmXyflHeMBL9DTzC9plgVxmfwzU8xMCx/cgoUje3fRt6uOpl94b9fHN4musv5/2keyP/u+Bu4prpbJKGfG7uO4aPgxZn09CDe37HJaRrlM7DzXKXtSKzak=</ASignedSHA256>
        <AVerificationProcessID>Process 2</AVerificationProcessID>
        <blockNum>8</blockNum>
        <FDOB>1996.03.22</FDOB>
        <FFname>Wei</FFname>
        <FLname>Xu</FLname>
        <FSSNum>123-456-333</FSSNum>
        <GDiag>Shingles</GDiag>
        <GRx>Zovirax</GRx>
        <GTreat>WaitForRelief</GTreat>
        <seed>OLKI1POC</seed>
        <signedBlockID>B15bLW0ZjzU29JnVXrBlBtXkAbOBHoPPYy9o6bsVu0D/N8r9b4oK/b6K/NEIM9SdYRO0AYNC9fi25UiRiy/6ciymVVaV8xTvAy9hOyNB9T2QOqrTNIUDhTNpvJp+mFWLRVoZ9lPPuNDJLHGacRCHP0c+Ml1/QV34zf/+Q1QAtMk=</signedBlockID>
        <timeCreated> 2019-11-03.20:45:41.1
</timeCreated>
    </blockRecordGroup>
    <blockRecordGroup>
        <ABlockID>ff29b12b-12f9-40d4-9027-faaea36eb79c</ABlockID>
        <ACreatingProcess>Process1</ACreatingProcess>
        <ASHA256String>Q+MoFq1VAZWmBFKbfrzsBR32S9sy5vKXzxG2bLcicys=</ASHA256String>
        <ASignedSHA256>RW7jS2FxUeJ6L7WE2kR/W+R2akjdML40yHET+2G9XZyC1of/MIo+getVARzCrixTQbDdLA75u9Gfr0k9zJIXWn+cCJQdUIw+MFkKwLxFFgB+XbnNAi4GLr+q+Zw1Wg2jfYGSoUIW0WeZApcCxYkzTL7pBtqNyMX/NORhAM1x6IU=</ASignedSHA256>
        <AVerificationProcessID>Process 0</AVerificationProcessID>
        <blockNum>9</blockNum>
        <FDOB>1992.01.31</FDOB>
        <FFname>Rita</FFname>
        <FLname>Vita</FLname>
        <FSSNum>999-456-789</FSSNum>
        <GDiag>ObessivePersonality</GDiag>
        <GRx>Ibuprofen</GRx>
        <GTreat>TryToRelax</GTreat>
        <seed>094DH3KB</seed>
        <signedBlockID>Wpb4h6C89fLIrlqBkBwwXTSSL+rTG14V2kXN0jG2HYhDEWOjr+hKy3vtlahhCUAJlzdOv4Bnn9aigAUxob1OYjoy3mq7UkJB5sVbiCAWgQNIq5qUPmZOWxb07udaNUc1/FjKPJDXSfKxgCcTLfDUpoQuTEwaHoeX4g4e3VLFyU8=</signedBlockID>
        <timeCreated> 2019-11-03.20:45:41.1
</timeCreated>
    </blockRecordGroup>
</blockRecordGroup>
